StartNodeId,EndNodeId
0,9
0,2944
1,3
1,2945
2,4
2,2946
3,7
3,79
3,137
3,195
3,253
3,311
3,369
3,427
4,8
4,486
4,838
4,1190
4,1542
4,1894
4,2246
4,2598
5,7
5,2947
6,8
6,2948
7,9
7,2945
8,9
8,2946
9,18
9,2948
9,2947
10,12
10,2949
11,13
11,2950
12,16
12,86
12,144
12,202
12,260
12,318
12,376
12,434
13,17
13,493
13,845
13,1197
13,1549
13,1901
13,2253
13,2605
14,16
14,2951
15,17
15,2952
16,18
16,2949
17,18
17,2950
18,27
18,2952
18,2951
19,21
19,2953
20,22
20,2954
21,25
21,93
21,151
21,209
21,267
21,325
21,383
21,441
22,26
22,500
22,852
22,1204
22,1556
22,1908
22,2260
22,2612
23,25
23,2955
24,26
24,2956
25,27
25,2953
26,27
26,2954
27,36
27,2956
27,2955
28,30
28,2957
29,31
29,2958
30,34
30,100
30,158
30,216
30,274
30,332
30,390
30,448
31,35
31,507
31,859
31,1211
31,1563
31,1915
31,2267
31,2619
32,34
32,2959
33,35
33,2960
34,36
34,2957
35,36
35,2958
36,45
36,2960
36,2959
37,39
37,2961
38,40
38,2962
39,43
39,107
39,165
39,223
39,281
39,339
39,397
39,455
40,44
40,514
40,866
40,1218
40,1570
40,1922
40,2274
40,2626
41,43
41,2963
42,44
42,2964
43,45
43,2961
44,45
44,2962
45,54
45,2964
45,2963
46,48
46,2965
47,49
47,2966
48,52
48,114
48,172
48,230
48,288
48,346
48,404
48,462
49,53
49,521
49,873
49,1225
49,1577
49,1929
49,2281
49,2633
50,52
50,2967
51,53
51,2968
52,54
52,2965
53,54
53,2966
54,63
54,2968
54,2967
55,57
55,2969
56,58
56,2970
57,61
57,121
57,179
57,237
57,295
57,353
57,411
57,469
58,62
58,528
58,880
58,1232
58,1584
58,1936
58,2288
58,2640
59,61
59,2971
60,62
60,2972
61,63
61,2969
62,63
62,2970
63,72
63,2972
63,2971
64,66
64,2973
65,67
65,2974
66,70
66,128
66,186
66,244
66,302
66,360
66,418
66,476
67,71
67,535
67,887
67,1239
67,1591
67,1943
67,2295
67,2647
68,70
68,2975
69,71
69,2976
70,72
70,2973
71,72
71,2974
72,73
72,2976
72,2975
73,2944
74,81
74,2977
75,76
75,2978
76,80
76,542
76,894
76,1246
76,1598
76,1950
76,2302
76,2654
77,79
77,2979
78,80
78,2980
79,81
79,2945
80,81
80,2978
81,88
81,2980
81,2979
82,83
82,2981
83,87
83,547
83,899
83,1251
83,1603
83,1955
83,2307
83,2659
84,86
84,2982
85,87
85,2983
86,88
86,2949
87,88
87,2981
88,95
88,2983
88,2982
89,90
89,2984
90,94
90,552
90,904
90,1256
90,1608
90,1960
90,2312
90,2664
91,93
91,2985
92,94
92,2986
93,95
93,2953
94,95
94,2984
95,102
95,2986
95,2985
96,97
96,2987
97,101
97,557
97,909
97,1261
97,1613
97,1965
97,2317
97,2669
98,100
98,2988
99,101
99,2989
100,102
100,2957
101,102
101,2987
102,109
102,2989
102,2988
103,104
103,2990
104,108
104,562
104,914
104,1266
104,1618
104,1970
104,2322
104,2674
105,107
105,2991
106,108
106,2992
107,109
107,2961
108,109
108,2990
109,116
109,2992
109,2991
110,111
110,2993
111,115
111,567
111,919
111,1271
111,1623
111,1975
111,2327
111,2679
112,114
112,2994
113,115
113,2995
114,116
114,2965
115,116
115,2993
116,123
116,2995
116,2994
117,118
117,2996
118,122
118,572
118,924
118,1276
118,1628
118,1980
118,2332
118,2684
119,121
119,2997
120,122
120,2998
121,123
121,2969
122,123
122,2996
123,130
123,2998
123,2997
124,125
124,2999
125,129
125,577
125,929
125,1281
125,1633
125,1985
125,2337
125,2689
126,128
126,3000
127,129
127,3001
128,130
128,2973
129,130
129,2999
130,131
130,3001
130,3000
131,2977
132,139
132,3002
133,134
133,3003
134,138
134,584
134,936
134,1288
134,1640
134,1992
134,2344
134,2696
135,137
135,3004
136,138
136,3005
137,139
137,2945
138,139
138,3003
139,146
139,3005
139,3004
140,141
140,3006
141,145
141,589
141,941
141,1293
141,1645
141,1997
141,2349
141,2701
142,144
142,3007
143,145
143,3008
144,146
144,2949
145,146
145,3006
146,153
146,3008
146,3007
147,148
147,3009
148,152
148,594
148,946
148,1298
148,1650
148,2002
148,2354
148,2706
149,151
149,3010
150,152
150,3011
151,153
151,2953
152,153
152,3009
153,160
153,3011
153,3010
154,155
154,3012
155,159
155,599
155,951
155,1303
155,1655
155,2007
155,2359
155,2711
156,158
156,3013
157,159
157,3014
158,160
158,2957
159,160
159,3012
160,167
160,3014
160,3013
161,162
161,3015
162,166
162,604
162,956
162,1308
162,1660
162,2012
162,2364
162,2716
163,165
163,3016
164,166
164,3017
165,167
165,2961
166,167
166,3015
167,174
167,3017
167,3016
168,169
168,3018
169,173
169,609
169,961
169,1313
169,1665
169,2017
169,2369
169,2721
170,172
170,3019
171,173
171,3020
172,174
172,2965
173,174
173,3018
174,181
174,3020
174,3019
175,176
175,3021
176,180
176,614
176,966
176,1318
176,1670
176,2022
176,2374
176,2726
177,179
177,3022
178,180
178,3023
179,181
179,2969
180,181
180,3021
181,188
181,3023
181,3022
182,183
182,3024
183,187
183,619
183,971
183,1323
183,1675
183,2027
183,2379
183,2731
184,186
184,3025
185,187
185,3026
186,188
186,2973
187,188
187,3024
188,189
188,3026
188,3025
189,3002
190,197
190,3027
191,192
191,3028
192,196
192,626
192,978
192,1330
192,1682
192,2034
192,2386
192,2738
193,195
193,3029
194,196
194,3030
195,197
195,2945
196,197
196,3028
197,204
197,3030
197,3029
198,199
198,3031
199,203
199,631
199,983
199,1335
199,1687
199,2039
199,2391
199,2743
200,202
200,3032
201,203
201,3033
202,204
202,2949
203,204
203,3031
204,211
204,3033
204,3032
205,206
205,3034
206,210
206,636
206,988
206,1340
206,1692
206,2044
206,2396
206,2748
207,209
207,3035
208,210
208,3036
209,211
209,2953
210,211
210,3034
211,218
211,3036
211,3035
212,213
212,3037
213,217
213,641
213,993
213,1345
213,1697
213,2049
213,2401
213,2753
214,216
214,3038
215,217
215,3039
216,218
216,2957
217,218
217,3037
218,225
218,3039
218,3038
219,220
219,3040
220,224
220,646
220,998
220,1350
220,1702
220,2054
220,2406
220,2758
221,223
221,3041
222,224
222,3042
223,225
223,2961
224,225
224,3040
225,232
225,3042
225,3041
226,227
226,3043
227,231
227,651
227,1003
227,1355
227,1707
227,2059
227,2411
227,2763
228,230
228,3044
229,231
229,3045
230,232
230,2965
231,232
231,3043
232,239
232,3045
232,3044
233,234
233,3046
234,238
234,656
234,1008
234,1360
234,1712
234,2064
234,2416
234,2768
235,237
235,3047
236,238
236,3048
237,239
237,2969
238,239
238,3046
239,246
239,3048
239,3047
240,241
240,3049
241,245
241,661
241,1013
241,1365
241,1717
241,2069
241,2421
241,2773
242,244
242,3050
243,245
243,3051
244,246
244,2973
245,246
245,3049
246,247
246,3051
246,3050
247,3027
248,255
248,3052
249,250
249,3053
250,254
250,668
250,1020
250,1372
250,1724
250,2076
250,2428
250,2780
251,253
251,3054
252,254
252,3055
253,255
253,2945
254,255
254,3053
255,262
255,3055
255,3054
256,257
256,3056
257,261
257,673
257,1025
257,1377
257,1729
257,2081
257,2433
257,2785
258,260
258,3057
259,261
259,3058
260,262
260,2949
261,262
261,3056
262,269
262,3058
262,3057
263,264
263,3059
264,268
264,678
264,1030
264,1382
264,1734
264,2086
264,2438
264,2790
265,267
265,3060
266,268
266,3061
267,269
267,2953
268,269
268,3059
269,276
269,3061
269,3060
270,271
270,3062
271,275
271,683
271,1035
271,1387
271,1739
271,2091
271,2443
271,2795
272,274
272,3063
273,275
273,3064
274,276
274,2957
275,276
275,3062
276,283
276,3064
276,3063
277,278
277,3065
278,282
278,688
278,1040
278,1392
278,1744
278,2096
278,2448
278,2800
279,281
279,3066
280,282
280,3067
281,283
281,2961
282,283
282,3065
283,290
283,3067
283,3066
284,285
284,3068
285,289
285,693
285,1045
285,1397
285,1749
285,2101
285,2453
285,2805
286,288
286,3069
287,289
287,3070
288,290
288,2965
289,290
289,3068
290,297
290,3070
290,3069
291,292
291,3071
292,296
292,698
292,1050
292,1402
292,1754
292,2106
292,2458
292,2810
293,295
293,3072
294,296
294,3073
295,297
295,2969
296,297
296,3071
297,304
297,3073
297,3072
298,299
298,3074
299,303
299,703
299,1055
299,1407
299,1759
299,2111
299,2463
299,2815
300,302
300,3075
301,303
301,3076
302,304
302,2973
303,304
303,3074
304,305
304,3076
304,3075
305,3052
306,313
306,3077
307,308
307,3078
308,312
308,710
308,1062
308,1414
308,1766
308,2118
308,2470
308,2822
309,311
309,3079
310,312
310,3080
311,313
311,2945
312,313
312,3078
313,320
313,3080
313,3079
314,315
314,3081
315,319
315,715
315,1067
315,1419
315,1771
315,2123
315,2475
315,2827
316,318
316,3082
317,319
317,3083
318,320
318,2949
319,320
319,3081
320,327
320,3083
320,3082
321,322
321,3084
322,326
322,720
322,1072
322,1424
322,1776
322,2128
322,2480
322,2832
323,325
323,3085
324,326
324,3086
325,327
325,2953
326,327
326,3084
327,334
327,3086
327,3085
328,329
328,3087
329,333
329,725
329,1077
329,1429
329,1781
329,2133
329,2485
329,2837
330,332
330,3088
331,333
331,3089
332,334
332,2957
333,334
333,3087
334,341
334,3089
334,3088
335,336
335,3090
336,340
336,730
336,1082
336,1434
336,1786
336,2138
336,2490
336,2842
337,339
337,3091
338,340
338,3092
339,341
339,2961
340,341
340,3090
341,348
341,3092
341,3091
342,343
342,3093
343,347
343,735
343,1087
343,1439
343,1791
343,2143
343,2495
343,2847
344,346
344,3094
345,347
345,3095
346,348
346,2965
347,348
347,3093
348,355
348,3095
348,3094
349,350
349,3096
350,354
350,740
350,1092
350,1444
350,1796
350,2148
350,2500
350,2852
351,353
351,3097
352,354
352,3098
353,355
353,2969
354,355
354,3096
355,362
355,3098
355,3097
356,357
356,3099
357,361
357,745
357,1097
357,1449
357,1801
357,2153
357,2505
357,2857
358,360
358,3100
359,361
359,3101
360,362
360,2973
361,362
361,3099
362,363
362,3101
362,3100
363,3077
364,371
364,3102
365,366
365,3103
366,370
366,752
366,1104
366,1456
366,1808
366,2160
366,2512
366,2864
367,369
367,3104
368,370
368,3105
369,371
369,2945
370,371
370,3103
371,378
371,3105
371,3104
372,373
372,3106
373,377
373,757
373,1109
373,1461
373,1813
373,2165
373,2517
373,2869
374,376
374,3107
375,377
375,3108
376,378
376,2949
377,378
377,3106
378,385
378,3108
378,3107
379,380
379,3109
380,384
380,762
380,1114
380,1466
380,1818
380,2170
380,2522
380,2874
381,383
381,3110
382,384
382,3111
383,385
383,2953
384,385
384,3109
385,392
385,3111
385,3110
386,387
386,3112
387,391
387,767
387,1119
387,1471
387,1823
387,2175
387,2527
387,2879
388,390
388,3113
389,391
389,3114
390,392
390,2957
391,392
391,3112
392,399
392,3114
392,3113
393,394
393,3115
394,398
394,772
394,1124
394,1476
394,1828
394,2180
394,2532
394,2884
395,397
395,3116
396,398
396,3117
397,399
397,2961
398,399
398,3115
399,406
399,3117
399,3116
400,401
400,3118
401,405
401,777
401,1129
401,1481
401,1833
401,2185
401,2537
401,2889
402,404
402,3119
403,405
403,3120
404,406
404,2965
405,406
405,3118
406,413
406,3120
406,3119
407,408
407,3121
408,412
408,782
408,1134
408,1486
408,1838
408,2190
408,2542
408,2894
409,411
409,3122
410,412
410,3123
411,413
411,2969
412,413
412,3121
413,420
413,3123
413,3122
414,415
414,3124
415,419
415,787
415,1139
415,1491
415,1843
415,2195
415,2547
415,2899
416,418
416,3125
417,419
417,3126
418,420
418,2973
419,420
419,3124
420,421
420,3126
420,3125
421,3102
422,429
422,3127
423,424
423,3128
424,428
424,794
424,1146
424,1498
424,1850
424,2202
424,2554
424,2906
425,427
425,3129
426,428
426,3130
427,429
427,2945
428,429
428,3128
429,436
429,3130
429,3129
430,431
430,3131
431,435
431,799
431,1151
431,1503
431,1855
431,2207
431,2559
431,2911
432,434
432,3132
433,435
433,3133
434,436
434,2949
435,436
435,3131
436,443
436,3133
436,3132
437,438
437,3134
438,442
438,804
438,1156
438,1508
438,1860
438,2212
438,2564
438,2916
439,441
439,3135
440,442
440,3136
441,443
441,2953
442,443
442,3134
443,450
443,3136
443,3135
444,445
444,3137
445,449
445,809
445,1161
445,1513
445,1865
445,2217
445,2569
445,2921
446,448
446,3138
447,449
447,3139
448,450
448,2957
449,450
449,3137
450,457
450,3139
450,3138
451,452
451,3140
452,456
452,814
452,1166
452,1518
452,1870
452,2222
452,2574
452,2926
453,455
453,3141
454,456
454,3142
455,457
455,2961
456,457
456,3140
457,464
457,3142
457,3141
458,459
458,3143
459,463
459,819
459,1171
459,1523
459,1875
459,2227
459,2579
459,2931
460,462
460,3144
461,463
461,3145
462,464
462,2965
463,464
463,3143
464,471
464,3145
464,3144
465,466
465,3146
466,470
466,824
466,1176
466,1528
466,1880
466,2232
466,2584
466,2936
467,469
467,3147
468,470
468,3148
469,471
469,2969
470,471
470,3146
471,478
471,3148
471,3147
472,473
472,3149
473,477
473,829
473,1181
473,1533
473,1885
473,2237
473,2589
473,2941
474,476
474,3150
475,477
475,3151
476,478
476,2973
477,478
477,3149
478,479
478,3151
478,3150
479,3127
480,487
480,3152
481,482
481,3153
482,485
482,541
482,583
482,625
482,667
482,709
482,751
482,793
483,485
483,3154
484,486
484,3155
485,487
485,3153
486,487
486,2946
487,494
487,3155
487,3154
488,489
488,3156
489,492
489,546
489,588
489,630
489,672
489,714
489,756
489,798
490,492
490,3157
491,493
491,3158
492,494
492,3156
493,494
493,2950
494,501
494,3158
494,3157
495,496
495,3159
496,499
496,551
496,593
496,635
496,677
496,719
496,761
496,803
497,499
497,3160
498,500
498,3161
499,501
499,3159
500,501
500,2954
501,508
501,3161
501,3160
502,503
502,3162
503,506
503,556
503,598
503,640
503,682
503,724
503,766
503,808
504,506
504,3163
505,507
505,3164
506,508
506,3162
507,508
507,2958
508,515
508,3164
508,3163
509,510
509,3165
510,513
510,561
510,603
510,645
510,687
510,729
510,771
510,813
511,513
511,3166
512,514
512,3167
513,515
513,3165
514,515
514,2962
515,522
515,3167
515,3166
516,517
516,3168
517,520
517,566
517,608
517,650
517,692
517,734
517,776
517,818
518,520
518,3169
519,521
519,3170
520,522
520,3168
521,522
521,2966
522,529
522,3170
522,3169
523,524
523,3171
524,527
524,571
524,613
524,655
524,697
524,739
524,781
524,823
525,527
525,3172
526,528
526,3173
527,529
527,3171
528,529
528,2970
529,536
529,3173
529,3172
530,531
530,3174
531,534
531,576
531,618
531,660
531,702
531,744
531,786
531,828
532,534
532,3175
533,535
533,3176
534,536
534,3174
535,536
535,2974
536,537
536,3176
536,3175
537,3152
538,543
538,3177
539,541
539,3178
540,542
540,3179
541,543
541,3153
542,543
542,2978
543,548
543,3179
543,3178
544,546
544,3180
545,547
545,3181
546,548
546,3156
547,548
547,2981
548,553
548,3181
548,3180
549,551
549,3182
550,552
550,3183
551,553
551,3159
552,553
552,2984
553,558
553,3183
553,3182
554,556
554,3184
555,557
555,3185
556,558
556,3162
557,558
557,2987
558,563
558,3185
558,3184
559,561
559,3186
560,562
560,3187
561,563
561,3165
562,563
562,2990
563,568
563,3187
563,3186
564,566
564,3188
565,567
565,3189
566,568
566,3168
567,568
567,2993
568,573
568,3189
568,3188
569,571
569,3190
570,572
570,3191
571,573
571,3171
572,573
572,2996
573,578
573,3191
573,3190
574,576
574,3192
575,577
575,3193
576,578
576,3174
577,578
577,2999
578,579
578,3193
578,3192
579,3177
580,585
580,3194
581,583
581,3195
582,584
582,3196
583,585
583,3153
584,585
584,3003
585,590
585,3196
585,3195
586,588
586,3197
587,589
587,3198
588,590
588,3156
589,590
589,3006
590,595
590,3198
590,3197
591,593
591,3199
592,594
592,3200
593,595
593,3159
594,595
594,3009
595,600
595,3200
595,3199
596,598
596,3201
597,599
597,3202
598,600
598,3162
599,600
599,3012
600,605
600,3202
600,3201
601,603
601,3203
602,604
602,3204
603,605
603,3165
604,605
604,3015
605,610
605,3204
605,3203
606,608
606,3205
607,609
607,3206
608,610
608,3168
609,610
609,3018
610,615
610,3206
610,3205
611,613
611,3207
612,614
612,3208
613,615
613,3171
614,615
614,3021
615,620
615,3208
615,3207
616,618
616,3209
617,619
617,3210
618,620
618,3174
619,620
619,3024
620,621
620,3210
620,3209
621,3194
622,627
622,3211
623,625
623,3212
624,626
624,3213
625,627
625,3153
626,627
626,3028
627,632
627,3213
627,3212
628,630
628,3214
629,631
629,3215
630,632
630,3156
631,632
631,3031
632,637
632,3215
632,3214
633,635
633,3216
634,636
634,3217
635,637
635,3159
636,637
636,3034
637,642
637,3217
637,3216
638,640
638,3218
639,641
639,3219
640,642
640,3162
641,642
641,3037
642,647
642,3219
642,3218
643,645
643,3220
644,646
644,3221
645,647
645,3165
646,647
646,3040
647,652
647,3221
647,3220
648,650
648,3222
649,651
649,3223
650,652
650,3168
651,652
651,3043
652,657
652,3223
652,3222
653,655
653,3224
654,656
654,3225
655,657
655,3171
656,657
656,3046
657,662
657,3225
657,3224
658,660
658,3226
659,661
659,3227
660,662
660,3174
661,662
661,3049
662,663
662,3227
662,3226
663,3211
664,669
664,3228
665,667
665,3229
666,668
666,3230
667,669
667,3153
668,669
668,3053
669,674
669,3230
669,3229
670,672
670,3231
671,673
671,3232
672,674
672,3156
673,674
673,3056
674,679
674,3232
674,3231
675,677
675,3233
676,678
676,3234
677,679
677,3159
678,679
678,3059
679,684
679,3234
679,3233
680,682
680,3235
681,683
681,3236
682,684
682,3162
683,684
683,3062
684,689
684,3236
684,3235
685,687
685,3237
686,688
686,3238
687,689
687,3165
688,689
688,3065
689,694
689,3238
689,3237
690,692
690,3239
691,693
691,3240
692,694
692,3168
693,694
693,3068
694,699
694,3240
694,3239
695,697
695,3241
696,698
696,3242
697,699
697,3171
698,699
698,3071
699,704
699,3242
699,3241
700,702
700,3243
701,703
701,3244
702,704
702,3174
703,704
703,3074
704,705
704,3244
704,3243
705,3228
706,711
706,3245
707,709
707,3246
708,710
708,3247
709,711
709,3153
710,711
710,3078
711,716
711,3247
711,3246
712,714
712,3248
713,715
713,3249
714,716
714,3156
715,716
715,3081
716,721
716,3249
716,3248
717,719
717,3250
718,720
718,3251
719,721
719,3159
720,721
720,3084
721,726
721,3251
721,3250
722,724
722,3252
723,725
723,3253
724,726
724,3162
725,726
725,3087
726,731
726,3253
726,3252
727,729
727,3254
728,730
728,3255
729,731
729,3165
730,731
730,3090
731,736
731,3255
731,3254
732,734
732,3256
733,735
733,3257
734,736
734,3168
735,736
735,3093
736,741
736,3257
736,3256
737,739
737,3258
738,740
738,3259
739,741
739,3171
740,741
740,3096
741,746
741,3259
741,3258
742,744
742,3260
743,745
743,3261
744,746
744,3174
745,746
745,3099
746,747
746,3261
746,3260
747,3245
748,753
748,3262
749,751
749,3263
750,752
750,3264
751,753
751,3153
752,753
752,3103
753,758
753,3264
753,3263
754,756
754,3265
755,757
755,3266
756,758
756,3156
757,758
757,3106
758,763
758,3266
758,3265
759,761
759,3267
760,762
760,3268
761,763
761,3159
762,763
762,3109
763,768
763,3268
763,3267
764,766
764,3269
765,767
765,3270
766,768
766,3162
767,768
767,3112
768,773
768,3270
768,3269
769,771
769,3271
770,772
770,3272
771,773
771,3165
772,773
772,3115
773,778
773,3272
773,3271
774,776
774,3273
775,777
775,3274
776,778
776,3168
777,778
777,3118
778,783
778,3274
778,3273
779,781
779,3275
780,782
780,3276
781,783
781,3171
782,783
782,3121
783,788
783,3276
783,3275
784,786
784,3277
785,787
785,3278
786,788
786,3174
787,788
787,3124
788,789
788,3278
788,3277
789,3262
790,795
790,3279
791,793
791,3280
792,794
792,3281
793,795
793,3153
794,795
794,3128
795,800
795,3281
795,3280
796,798
796,3282
797,799
797,3283
798,800
798,3156
799,800
799,3131
800,805
800,3283
800,3282
801,803
801,3284
802,804
802,3285
803,805
803,3159
804,805
804,3134
805,810
805,3285
805,3284
806,808
806,3286
807,809
807,3287
808,810
808,3162
809,810
809,3137
810,815
810,3287
810,3286
811,813
811,3288
812,814
812,3289
813,815
813,3165
814,815
814,3140
815,820
815,3289
815,3288
816,818
816,3290
817,819
817,3291
818,820
818,3168
819,820
819,3143
820,825
820,3291
820,3290
821,823
821,3292
822,824
822,3293
823,825
823,3171
824,825
824,3146
825,830
825,3293
825,3292
826,828
826,3294
827,829
827,3295
828,830
828,3174
829,830
829,3149
830,831
830,3295
830,3294
831,3279
832,839
832,3296
833,834
833,3297
834,837
834,893
834,935
834,977
834,1019
834,1061
834,1103
834,1145
835,837
835,3298
836,838
836,3299
837,839
837,3297
838,839
838,2946
839,846
839,3299
839,3298
840,841
840,3300
841,844
841,898
841,940
841,982
841,1024
841,1066
841,1108
841,1150
842,844
842,3301
843,845
843,3302
844,846
844,3300
845,846
845,2950
846,853
846,3302
846,3301
847,848
847,3303
848,851
848,903
848,945
848,987
848,1029
848,1071
848,1113
848,1155
849,851
849,3304
850,852
850,3305
851,853
851,3303
852,853
852,2954
853,860
853,3305
853,3304
854,855
854,3306
855,858
855,908
855,950
855,992
855,1034
855,1076
855,1118
855,1160
856,858
856,3307
857,859
857,3308
858,860
858,3306
859,860
859,2958
860,867
860,3308
860,3307
861,862
861,3309
862,865
862,913
862,955
862,997
862,1039
862,1081
862,1123
862,1165
863,865
863,3310
864,866
864,3311
865,867
865,3309
866,867
866,2962
867,874
867,3311
867,3310
868,869
868,3312
869,872
869,918
869,960
869,1002
869,1044
869,1086
869,1128
869,1170
870,872
870,3313
871,873
871,3314
872,874
872,3312
873,874
873,2966
874,881
874,3314
874,3313
875,876
875,3315
876,879
876,923
876,965
876,1007
876,1049
876,1091
876,1133
876,1175
877,879
877,3316
878,880
878,3317
879,881
879,3315
880,881
880,2970
881,888
881,3317
881,3316
882,883
882,3318
883,886
883,928
883,970
883,1012
883,1054
883,1096
883,1138
883,1180
884,886
884,3319
885,887
885,3320
886,888
886,3318
887,888
887,2974
888,889
888,3320
888,3319
889,3296
890,895
890,3321
891,893
891,3322
892,894
892,3323
893,895
893,3297
894,895
894,2978
895,900
895,3323
895,3322
896,898
896,3324
897,899
897,3325
898,900
898,3300
899,900
899,2981
900,905
900,3325
900,3324
901,903
901,3326
902,904
902,3327
903,905
903,3303
904,905
904,2984
905,910
905,3327
905,3326
906,908
906,3328
907,909
907,3329
908,910
908,3306
909,910
909,2987
910,915
910,3329
910,3328
911,913
911,3330
912,914
912,3331
913,915
913,3309
914,915
914,2990
915,920
915,3331
915,3330
916,918
916,3332
917,919
917,3333
918,920
918,3312
919,920
919,2993
920,925
920,3333
920,3332
921,923
921,3334
922,924
922,3335
923,925
923,3315
924,925
924,2996
925,930
925,3335
925,3334
926,928
926,3336
927,929
927,3337
928,930
928,3318
929,930
929,2999
930,931
930,3337
930,3336
931,3321
932,937
932,3338
933,935
933,3339
934,936
934,3340
935,937
935,3297
936,937
936,3003
937,942
937,3340
937,3339
938,940
938,3341
939,941
939,3342
940,942
940,3300
941,942
941,3006
942,947
942,3342
942,3341
943,945
943,3343
944,946
944,3344
945,947
945,3303
946,947
946,3009
947,952
947,3344
947,3343
948,950
948,3345
949,951
949,3346
950,952
950,3306
951,952
951,3012
952,957
952,3346
952,3345
953,955
953,3347
954,956
954,3348
955,957
955,3309
956,957
956,3015
957,962
957,3348
957,3347
958,960
958,3349
959,961
959,3350
960,962
960,3312
961,962
961,3018
962,967
962,3350
962,3349
963,965
963,3351
964,966
964,3352
965,967
965,3315
966,967
966,3021
967,972
967,3352
967,3351
968,970
968,3353
969,971
969,3354
970,972
970,3318
971,972
971,3024
972,973
972,3354
972,3353
973,3338
974,979
974,3355
975,977
975,3356
976,978
976,3357
977,979
977,3297
978,979
978,3028
979,984
979,3357
979,3356
980,982
980,3358
981,983
981,3359
982,984
982,3300
983,984
983,3031
984,989
984,3359
984,3358
985,987
985,3360
986,988
986,3361
987,989
987,3303
988,989
988,3034
989,994
989,3361
989,3360
990,992
990,3362
991,993
991,3363
992,994
992,3306
993,994
993,3037
994,999
994,3363
994,3362
995,997
995,3364
996,998
996,3365
997,999
997,3309
998,999
998,3040
999,1004
999,3365
999,3364
1000,1002
1000,3366
1001,1003
1001,3367
1002,1004
1002,3312
1003,1004
1003,3043
1004,1009
1004,3367
1004,3366
1005,1007
1005,3368
1006,1008
1006,3369
1007,1009
1007,3315
1008,1009
1008,3046
1009,1014
1009,3369
1009,3368
1010,1012
1010,3370
1011,1013
1011,3371
1012,1014
1012,3318
1013,1014
1013,3049
1014,1015
1014,3371
1014,3370
1015,3355
1016,1021
1016,3372
1017,1019
1017,3373
1018,1020
1018,3374
1019,1021
1019,3297
1020,1021
1020,3053
1021,1026
1021,3374
1021,3373
1022,1024
1022,3375
1023,1025
1023,3376
1024,1026
1024,3300
1025,1026
1025,3056
1026,1031
1026,3376
1026,3375
1027,1029
1027,3377
1028,1030
1028,3378
1029,1031
1029,3303
1030,1031
1030,3059
1031,1036
1031,3378
1031,3377
1032,1034
1032,3379
1033,1035
1033,3380
1034,1036
1034,3306
1035,1036
1035,3062
1036,1041
1036,3380
1036,3379
1037,1039
1037,3381
1038,1040
1038,3382
1039,1041
1039,3309
1040,1041
1040,3065
1041,1046
1041,3382
1041,3381
1042,1044
1042,3383
1043,1045
1043,3384
1044,1046
1044,3312
1045,1046
1045,3068
1046,1051
1046,3384
1046,3383
1047,1049
1047,3385
1048,1050
1048,3386
1049,1051
1049,3315
1050,1051
1050,3071
1051,1056
1051,3386
1051,3385
1052,1054
1052,3387
1053,1055
1053,3388
1054,1056
1054,3318
1055,1056
1055,3074
1056,1057
1056,3388
1056,3387
1057,3372
1058,1063
1058,3389
1059,1061
1059,3390
1060,1062
1060,3391
1061,1063
1061,3297
1062,1063
1062,3078
1063,1068
1063,3391
1063,3390
1064,1066
1064,3392
1065,1067
1065,3393
1066,1068
1066,3300
1067,1068
1067,3081
1068,1073
1068,3393
1068,3392
1069,1071
1069,3394
1070,1072
1070,3395
1071,1073
1071,3303
1072,1073
1072,3084
1073,1078
1073,3395
1073,3394
1074,1076
1074,3396
1075,1077
1075,3397
1076,1078
1076,3306
1077,1078
1077,3087
1078,1083
1078,3397
1078,3396
1079,1081
1079,3398
1080,1082
1080,3399
1081,1083
1081,3309
1082,1083
1082,3090
1083,1088
1083,3399
1083,3398
1084,1086
1084,3400
1085,1087
1085,3401
1086,1088
1086,3312
1087,1088
1087,3093
1088,1093
1088,3401
1088,3400
1089,1091
1089,3402
1090,1092
1090,3403
1091,1093
1091,3315
1092,1093
1092,3096
1093,1098
1093,3403
1093,3402
1094,1096
1094,3404
1095,1097
1095,3405
1096,1098
1096,3318
1097,1098
1097,3099
1098,1099
1098,3405
1098,3404
1099,3389
1100,1105
1100,3406
1101,1103
1101,3407
1102,1104
1102,3408
1103,1105
1103,3297
1104,1105
1104,3103
1105,1110
1105,3408
1105,3407
1106,1108
1106,3409
1107,1109
1107,3410
1108,1110
1108,3300
1109,1110
1109,3106
1110,1115
1110,3410
1110,3409
1111,1113
1111,3411
1112,1114
1112,3412
1113,1115
1113,3303
1114,1115
1114,3109
1115,1120
1115,3412
1115,3411
1116,1118
1116,3413
1117,1119
1117,3414
1118,1120
1118,3306
1119,1120
1119,3112
1120,1125
1120,3414
1120,3413
1121,1123
1121,3415
1122,1124
1122,3416
1123,1125
1123,3309
1124,1125
1124,3115
1125,1130
1125,3416
1125,3415
1126,1128
1126,3417
1127,1129
1127,3418
1128,1130
1128,3312
1129,1130
1129,3118
1130,1135
1130,3418
1130,3417
1131,1133
1131,3419
1132,1134
1132,3420
1133,1135
1133,3315
1134,1135
1134,3121
1135,1140
1135,3420
1135,3419
1136,1138
1136,3421
1137,1139
1137,3422
1138,1140
1138,3318
1139,1140
1139,3124
1140,1141
1140,3422
1140,3421
1141,3406
1142,1147
1142,3423
1143,1145
1143,3424
1144,1146
1144,3425
1145,1147
1145,3297
1146,1147
1146,3128
1147,1152
1147,3425
1147,3424
1148,1150
1148,3426
1149,1151
1149,3427
1150,1152
1150,3300
1151,1152
1151,3131
1152,1157
1152,3427
1152,3426
1153,1155
1153,3428
1154,1156
1154,3429
1155,1157
1155,3303
1156,1157
1156,3134
1157,1162
1157,3429
1157,3428
1158,1160
1158,3430
1159,1161
1159,3431
1160,1162
1160,3306
1161,1162
1161,3137
1162,1167
1162,3431
1162,3430
1163,1165
1163,3432
1164,1166
1164,3433
1165,1167
1165,3309
1166,1167
1166,3140
1167,1172
1167,3433
1167,3432
1168,1170
1168,3434
1169,1171
1169,3435
1170,1172
1170,3312
1171,1172
1171,3143
1172,1177
1172,3435
1172,3434
1173,1175
1173,3436
1174,1176
1174,3437
1175,1177
1175,3315
1176,1177
1176,3146
1177,1182
1177,3437
1177,3436
1178,1180
1178,3438
1179,1181
1179,3439
1180,1182
1180,3318
1181,1182
1181,3149
1182,1183
1182,3439
1182,3438
1183,3423
1184,1191
1184,3440
1185,1186
1185,3441
1186,1189
1186,1245
1186,1287
1186,1329
1186,1371
1186,1413
1186,1455
1186,1497
1187,1189
1187,3442
1188,1190
1188,3443
1189,1191
1189,3441
1190,1191
1190,2946
1191,1198
1191,3443
1191,3442
1192,1193
1192,3444
1193,1196
1193,1250
1193,1292
1193,1334
1193,1376
1193,1418
1193,1460
1193,1502
1194,1196
1194,3445
1195,1197
1195,3446
1196,1198
1196,3444
1197,1198
1197,2950
1198,1205
1198,3446
1198,3445
1199,1200
1199,3447
1200,1203
1200,1255
1200,1297
1200,1339
1200,1381
1200,1423
1200,1465
1200,1507
1201,1203
1201,3448
1202,1204
1202,3449
1203,1205
1203,3447
1204,1205
1204,2954
1205,1212
1205,3449
1205,3448
1206,1207
1206,3450
1207,1210
1207,1260
1207,1302
1207,1344
1207,1386
1207,1428
1207,1470
1207,1512
1208,1210
1208,3451
1209,1211
1209,3452
1210,1212
1210,3450
1211,1212
1211,2958
1212,1219
1212,3452
1212,3451
1213,1214
1213,3453
1214,1217
1214,1265
1214,1307
1214,1349
1214,1391
1214,1433
1214,1475
1214,1517
1215,1217
1215,3454
1216,1218
1216,3455
1217,1219
1217,3453
1218,1219
1218,2962
1219,1226
1219,3455
1219,3454
1220,1221
1220,3456
1221,1224
1221,1270
1221,1312
1221,1354
1221,1396
1221,1438
1221,1480
1221,1522
1222,1224
1222,3457
1223,1225
1223,3458
1224,1226
1224,3456
1225,1226
1225,2966
1226,1233
1226,3458
1226,3457
1227,1228
1227,3459
1228,1231
1228,1275
1228,1317
1228,1359
1228,1401
1228,1443
1228,1485
1228,1527
1229,1231
1229,3460
1230,1232
1230,3461
1231,1233
1231,3459
1232,1233
1232,2970
1233,1240
1233,3461
1233,3460
1234,1235
1234,3462
1235,1238
1235,1280
1235,1322
1235,1364
1235,1406
1235,1448
1235,1490
1235,1532
1236,1238
1236,3463
1237,1239
1237,3464
1238,1240
1238,3462
1239,1240
1239,2974
1240,1241
1240,3464
1240,3463
1241,3440
1242,1247
1242,3465
1243,1245
1243,3466
1244,1246
1244,3467
1245,1247
1245,3441
1246,1247
1246,2978
1247,1252
1247,3467
1247,3466
1248,1250
1248,3468
1249,1251
1249,3469
1250,1252
1250,3444
1251,1252
1251,2981
1252,1257
1252,3469
1252,3468
1253,1255
1253,3470
1254,1256
1254,3471
1255,1257
1255,3447
1256,1257
1256,2984
1257,1262
1257,3471
1257,3470
1258,1260
1258,3472
1259,1261
1259,3473
1260,1262
1260,3450
1261,1262
1261,2987
1262,1267
1262,3473
1262,3472
1263,1265
1263,3474
1264,1266
1264,3475
1265,1267
1265,3453
1266,1267
1266,2990
1267,1272
1267,3475
1267,3474
1268,1270
1268,3476
1269,1271
1269,3477
1270,1272
1270,3456
1271,1272
1271,2993
1272,1277
1272,3477
1272,3476
1273,1275
1273,3478
1274,1276
1274,3479
1275,1277
1275,3459
1276,1277
1276,2996
1277,1282
1277,3479
1277,3478
1278,1280
1278,3480
1279,1281
1279,3481
1280,1282
1280,3462
1281,1282
1281,2999
1282,1283
1282,3481
1282,3480
1283,3465
1284,1289
1284,3482
1285,1287
1285,3483
1286,1288
1286,3484
1287,1289
1287,3441
1288,1289
1288,3003
1289,1294
1289,3484
1289,3483
1290,1292
1290,3485
1291,1293
1291,3486
1292,1294
1292,3444
1293,1294
1293,3006
1294,1299
1294,3486
1294,3485
1295,1297
1295,3487
1296,1298
1296,3488
1297,1299
1297,3447
1298,1299
1298,3009
1299,1304
1299,3488
1299,3487
1300,1302
1300,3489
1301,1303
1301,3490
1302,1304
1302,3450
1303,1304
1303,3012
1304,1309
1304,3490
1304,3489
1305,1307
1305,3491
1306,1308
1306,3492
1307,1309
1307,3453
1308,1309
1308,3015
1309,1314
1309,3492
1309,3491
1310,1312
1310,3493
1311,1313
1311,3494
1312,1314
1312,3456
1313,1314
1313,3018
1314,1319
1314,3494
1314,3493
1315,1317
1315,3495
1316,1318
1316,3496
1317,1319
1317,3459
1318,1319
1318,3021
1319,1324
1319,3496
1319,3495
1320,1322
1320,3497
1321,1323
1321,3498
1322,1324
1322,3462
1323,1324
1323,3024
1324,1325
1324,3498
1324,3497
1325,3482
1326,1331
1326,3499
1327,1329
1327,3500
1328,1330
1328,3501
1329,1331
1329,3441
1330,1331
1330,3028
1331,1336
1331,3501
1331,3500
1332,1334
1332,3502
1333,1335
1333,3503
1334,1336
1334,3444
1335,1336
1335,3031
1336,1341
1336,3503
1336,3502
1337,1339
1337,3504
1338,1340
1338,3505
1339,1341
1339,3447
1340,1341
1340,3034
1341,1346
1341,3505
1341,3504
1342,1344
1342,3506
1343,1345
1343,3507
1344,1346
1344,3450
1345,1346
1345,3037
1346,1351
1346,3507
1346,3506
1347,1349
1347,3508
1348,1350
1348,3509
1349,1351
1349,3453
1350,1351
1350,3040
1351,1356
1351,3509
1351,3508
1352,1354
1352,3510
1353,1355
1353,3511
1354,1356
1354,3456
1355,1356
1355,3043
1356,1361
1356,3511
1356,3510
1357,1359
1357,3512
1358,1360
1358,3513
1359,1361
1359,3459
1360,1361
1360,3046
1361,1366
1361,3513
1361,3512
1362,1364
1362,3514
1363,1365
1363,3515
1364,1366
1364,3462
1365,1366
1365,3049
1366,1367
1366,3515
1366,3514
1367,3499
1368,1373
1368,3516
1369,1371
1369,3517
1370,1372
1370,3518
1371,1373
1371,3441
1372,1373
1372,3053
1373,1378
1373,3518
1373,3517
1374,1376
1374,3519
1375,1377
1375,3520
1376,1378
1376,3444
1377,1378
1377,3056
1378,1383
1378,3520
1378,3519
1379,1381
1379,3521
1380,1382
1380,3522
1381,1383
1381,3447
1382,1383
1382,3059
1383,1388
1383,3522
1383,3521
1384,1386
1384,3523
1385,1387
1385,3524
1386,1388
1386,3450
1387,1388
1387,3062
1388,1393
1388,3524
1388,3523
1389,1391
1389,3525
1390,1392
1390,3526
1391,1393
1391,3453
1392,1393
1392,3065
1393,1398
1393,3526
1393,3525
1394,1396
1394,3527
1395,1397
1395,3528
1396,1398
1396,3456
1397,1398
1397,3068
1398,1403
1398,3528
1398,3527
1399,1401
1399,3529
1400,1402
1400,3530
1401,1403
1401,3459
1402,1403
1402,3071
1403,1408
1403,3530
1403,3529
1404,1406
1404,3531
1405,1407
1405,3532
1406,1408
1406,3462
1407,1408
1407,3074
1408,1409
1408,3532
1408,3531
1409,3516
1410,1415
1410,3533
1411,1413
1411,3534
1412,1414
1412,3535
1413,1415
1413,3441
1414,1415
1414,3078
1415,1420
1415,3535
1415,3534
1416,1418
1416,3536
1417,1419
1417,3537
1418,1420
1418,3444
1419,1420
1419,3081
1420,1425
1420,3537
1420,3536
1421,1423
1421,3538
1422,1424
1422,3539
1423,1425
1423,3447
1424,1425
1424,3084
1425,1430
1425,3539
1425,3538
1426,1428
1426,3540
1427,1429
1427,3541
1428,1430
1428,3450
1429,1430
1429,3087
1430,1435
1430,3541
1430,3540
1431,1433
1431,3542
1432,1434
1432,3543
1433,1435
1433,3453
1434,1435
1434,3090
1435,1440
1435,3543
1435,3542
1436,1438
1436,3544
1437,1439
1437,3545
1438,1440
1438,3456
1439,1440
1439,3093
1440,1445
1440,3545
1440,3544
1441,1443
1441,3546
1442,1444
1442,3547
1443,1445
1443,3459
1444,1445
1444,3096
1445,1450
1445,3547
1445,3546
1446,1448
1446,3548
1447,1449
1447,3549
1448,1450
1448,3462
1449,1450
1449,3099
1450,1451
1450,3549
1450,3548
1451,3533
1452,1457
1452,3550
1453,1455
1453,3551
1454,1456
1454,3552
1455,1457
1455,3441
1456,1457
1456,3103
1457,1462
1457,3552
1457,3551
1458,1460
1458,3553
1459,1461
1459,3554
1460,1462
1460,3444
1461,1462
1461,3106
1462,1467
1462,3554
1462,3553
1463,1465
1463,3555
1464,1466
1464,3556
1465,1467
1465,3447
1466,1467
1466,3109
1467,1472
1467,3556
1467,3555
1468,1470
1468,3557
1469,1471
1469,3558
1470,1472
1470,3450
1471,1472
1471,3112
1472,1477
1472,3558
1472,3557
1473,1475
1473,3559
1474,1476
1474,3560
1475,1477
1475,3453
1476,1477
1476,3115
1477,1482
1477,3560
1477,3559
1478,1480
1478,3561
1479,1481
1479,3562
1480,1482
1480,3456
1481,1482
1481,3118
1482,1487
1482,3562
1482,3561
1483,1485
1483,3563
1484,1486
1484,3564
1485,1487
1485,3459
1486,1487
1486,3121
1487,1492
1487,3564
1487,3563
1488,1490
1488,3565
1489,1491
1489,3566
1490,1492
1490,3462
1491,1492
1491,3124
1492,1493
1492,3566
1492,3565
1493,3550
1494,1499
1494,3567
1495,1497
1495,3568
1496,1498
1496,3569
1497,1499
1497,3441
1498,1499
1498,3128
1499,1504
1499,3569
1499,3568
1500,1502
1500,3570
1501,1503
1501,3571
1502,1504
1502,3444
1503,1504
1503,3131
1504,1509
1504,3571
1504,3570
1505,1507
1505,3572
1506,1508
1506,3573
1507,1509
1507,3447
1508,1509
1508,3134
1509,1514
1509,3573
1509,3572
1510,1512
1510,3574
1511,1513
1511,3575
1512,1514
1512,3450
1513,1514
1513,3137
1514,1519
1514,3575
1514,3574
1515,1517
1515,3576
1516,1518
1516,3577
1517,1519
1517,3453
1518,1519
1518,3140
1519,1524
1519,3577
1519,3576
1520,1522
1520,3578
1521,1523
1521,3579
1522,1524
1522,3456
1523,1524
1523,3143
1524,1529
1524,3579
1524,3578
1525,1527
1525,3580
1526,1528
1526,3581
1527,1529
1527,3459
1528,1529
1528,3146
1529,1534
1529,3581
1529,3580
1530,1532
1530,3582
1531,1533
1531,3583
1532,1534
1532,3462
1533,1534
1533,3149
1534,1535
1534,3583
1534,3582
1535,3567
1536,1543
1536,3584
1537,1538
1537,3585
1538,1541
1538,1597
1538,1639
1538,1681
1538,1723
1538,1765
1538,1807
1538,1849
1539,1541
1539,3586
1540,1542
1540,3587
1541,1543
1541,3585
1542,1543
1542,2946
1543,1550
1543,3587
1543,3586
1544,1545
1544,3588
1545,1548
1545,1602
1545,1644
1545,1686
1545,1728
1545,1770
1545,1812
1545,1854
1546,1548
1546,3589
1547,1549
1547,3590
1548,1550
1548,3588
1549,1550
1549,2950
1550,1557
1550,3590
1550,3589
1551,1552
1551,3591
1552,1555
1552,1607
1552,1649
1552,1691
1552,1733
1552,1775
1552,1817
1552,1859
1553,1555
1553,3592
1554,1556
1554,3593
1555,1557
1555,3591
1556,1557
1556,2954
1557,1564
1557,3593
1557,3592
1558,1559
1558,3594
1559,1562
1559,1612
1559,1654
1559,1696
1559,1738
1559,1780
1559,1822
1559,1864
1560,1562
1560,3595
1561,1563
1561,3596
1562,1564
1562,3594
1563,1564
1563,2958
1564,1571
1564,3596
1564,3595
1565,1566
1565,3597
1566,1569
1566,1617
1566,1659
1566,1701
1566,1743
1566,1785
1566,1827
1566,1869
1567,1569
1567,3598
1568,1570
1568,3599
1569,1571
1569,3597
1570,1571
1570,2962
1571,1578
1571,3599
1571,3598
1572,1573
1572,3600
1573,1576
1573,1622
1573,1664
1573,1706
1573,1748
1573,1790
1573,1832
1573,1874
1574,1576
1574,3601
1575,1577
1575,3602
1576,1578
1576,3600
1577,1578
1577,2966
1578,1585
1578,3602
1578,3601
1579,1580
1579,3603
1580,1583
1580,1627
1580,1669
1580,1711
1580,1753
1580,1795
1580,1837
1580,1879
1581,1583
1581,3604
1582,1584
1582,3605
1583,1585
1583,3603
1584,1585
1584,2970
1585,1592
1585,3605
1585,3604
1586,1587
1586,3606
1587,1590
1587,1632
1587,1674
1587,1716
1587,1758
1587,1800
1587,1842
1587,1884
1588,1590
1588,3607
1589,1591
1589,3608
1590,1592
1590,3606
1591,1592
1591,2974
1592,1593
1592,3608
1592,3607
1593,3584
1594,1599
1594,3609
1595,1597
1595,3610
1596,1598
1596,3611
1597,1599
1597,3585
1598,1599
1598,2978
1599,1604
1599,3611
1599,3610
1600,1602
1600,3612
1601,1603
1601,3613
1602,1604
1602,3588
1603,1604
1603,2981
1604,1609
1604,3613
1604,3612
1605,1607
1605,3614
1606,1608
1606,3615
1607,1609
1607,3591
1608,1609
1608,2984
1609,1614
1609,3615
1609,3614
1610,1612
1610,3616
1611,1613
1611,3617
1612,1614
1612,3594
1613,1614
1613,2987
1614,1619
1614,3617
1614,3616
1615,1617
1615,3618
1616,1618
1616,3619
1617,1619
1617,3597
1618,1619
1618,2990
1619,1624
1619,3619
1619,3618
1620,1622
1620,3620
1621,1623
1621,3621
1622,1624
1622,3600
1623,1624
1623,2993
1624,1629
1624,3621
1624,3620
1625,1627
1625,3622
1626,1628
1626,3623
1627,1629
1627,3603
1628,1629
1628,2996
1629,1634
1629,3623
1629,3622
1630,1632
1630,3624
1631,1633
1631,3625
1632,1634
1632,3606
1633,1634
1633,2999
1634,1635
1634,3625
1634,3624
1635,3609
1636,1641
1636,3626
1637,1639
1637,3627
1638,1640
1638,3628
1639,1641
1639,3585
1640,1641
1640,3003
1641,1646
1641,3628
1641,3627
1642,1644
1642,3629
1643,1645
1643,3630
1644,1646
1644,3588
1645,1646
1645,3006
1646,1651
1646,3630
1646,3629
1647,1649
1647,3631
1648,1650
1648,3632
1649,1651
1649,3591
1650,1651
1650,3009
1651,1656
1651,3632
1651,3631
1652,1654
1652,3633
1653,1655
1653,3634
1654,1656
1654,3594
1655,1656
1655,3012
1656,1661
1656,3634
1656,3633
1657,1659
1657,3635
1658,1660
1658,3636
1659,1661
1659,3597
1660,1661
1660,3015
1661,1666
1661,3636
1661,3635
1662,1664
1662,3637
1663,1665
1663,3638
1664,1666
1664,3600
1665,1666
1665,3018
1666,1671
1666,3638
1666,3637
1667,1669
1667,3639
1668,1670
1668,3640
1669,1671
1669,3603
1670,1671
1670,3021
1671,1676
1671,3640
1671,3639
1672,1674
1672,3641
1673,1675
1673,3642
1674,1676
1674,3606
1675,1676
1675,3024
1676,1677
1676,3642
1676,3641
1677,3626
1678,1683
1678,3643
1679,1681
1679,3644
1680,1682
1680,3645
1681,1683
1681,3585
1682,1683
1682,3028
1683,1688
1683,3645
1683,3644
1684,1686
1684,3646
1685,1687
1685,3647
1686,1688
1686,3588
1687,1688
1687,3031
1688,1693
1688,3647
1688,3646
1689,1691
1689,3648
1690,1692
1690,3649
1691,1693
1691,3591
1692,1693
1692,3034
1693,1698
1693,3649
1693,3648
1694,1696
1694,3650
1695,1697
1695,3651
1696,1698
1696,3594
1697,1698
1697,3037
1698,1703
1698,3651
1698,3650
1699,1701
1699,3652
1700,1702
1700,3653
1701,1703
1701,3597
1702,1703
1702,3040
1703,1708
1703,3653
1703,3652
1704,1706
1704,3654
1705,1707
1705,3655
1706,1708
1706,3600
1707,1708
1707,3043
1708,1713
1708,3655
1708,3654
1709,1711
1709,3656
1710,1712
1710,3657
1711,1713
1711,3603
1712,1713
1712,3046
1713,1718
1713,3657
1713,3656
1714,1716
1714,3658
1715,1717
1715,3659
1716,1718
1716,3606
1717,1718
1717,3049
1718,1719
1718,3659
1718,3658
1719,3643
1720,1725
1720,3660
1721,1723
1721,3661
1722,1724
1722,3662
1723,1725
1723,3585
1724,1725
1724,3053
1725,1730
1725,3662
1725,3661
1726,1728
1726,3663
1727,1729
1727,3664
1728,1730
1728,3588
1729,1730
1729,3056
1730,1735
1730,3664
1730,3663
1731,1733
1731,3665
1732,1734
1732,3666
1733,1735
1733,3591
1734,1735
1734,3059
1735,1740
1735,3666
1735,3665
1736,1738
1736,3667
1737,1739
1737,3668
1738,1740
1738,3594
1739,1740
1739,3062
1740,1745
1740,3668
1740,3667
1741,1743
1741,3669
1742,1744
1742,3670
1743,1745
1743,3597
1744,1745
1744,3065
1745,1750
1745,3670
1745,3669
1746,1748
1746,3671
1747,1749
1747,3672
1748,1750
1748,3600
1749,1750
1749,3068
1750,1755
1750,3672
1750,3671
1751,1753
1751,3673
1752,1754
1752,3674
1753,1755
1753,3603
1754,1755
1754,3071
1755,1760
1755,3674
1755,3673
1756,1758
1756,3675
1757,1759
1757,3676
1758,1760
1758,3606
1759,1760
1759,3074
1760,1761
1760,3676
1760,3675
1761,3660
1762,1767
1762,3677
1763,1765
1763,3678
1764,1766
1764,3679
1765,1767
1765,3585
1766,1767
1766,3078
1767,1772
1767,3679
1767,3678
1768,1770
1768,3680
1769,1771
1769,3681
1770,1772
1770,3588
1771,1772
1771,3081
1772,1777
1772,3681
1772,3680
1773,1775
1773,3682
1774,1776
1774,3683
1775,1777
1775,3591
1776,1777
1776,3084
1777,1782
1777,3683
1777,3682
1778,1780
1778,3684
1779,1781
1779,3685
1780,1782
1780,3594
1781,1782
1781,3087
1782,1787
1782,3685
1782,3684
1783,1785
1783,3686
1784,1786
1784,3687
1785,1787
1785,3597
1786,1787
1786,3090
1787,1792
1787,3687
1787,3686
1788,1790
1788,3688
1789,1791
1789,3689
1790,1792
1790,3600
1791,1792
1791,3093
1792,1797
1792,3689
1792,3688
1793,1795
1793,3690
1794,1796
1794,3691
1795,1797
1795,3603
1796,1797
1796,3096
1797,1802
1797,3691
1797,3690
1798,1800
1798,3692
1799,1801
1799,3693
1800,1802
1800,3606
1801,1802
1801,3099
1802,1803
1802,3693
1802,3692
1803,3677
1804,1809
1804,3694
1805,1807
1805,3695
1806,1808
1806,3696
1807,1809
1807,3585
1808,1809
1808,3103
1809,1814
1809,3696
1809,3695
1810,1812
1810,3697
1811,1813
1811,3698
1812,1814
1812,3588
1813,1814
1813,3106
1814,1819
1814,3698
1814,3697
1815,1817
1815,3699
1816,1818
1816,3700
1817,1819
1817,3591
1818,1819
1818,3109
1819,1824
1819,3700
1819,3699
1820,1822
1820,3701
1821,1823
1821,3702
1822,1824
1822,3594
1823,1824
1823,3112
1824,1829
1824,3702
1824,3701
1825,1827
1825,3703
1826,1828
1826,3704
1827,1829
1827,3597
1828,1829
1828,3115
1829,1834
1829,3704
1829,3703
1830,1832
1830,3705
1831,1833
1831,3706
1832,1834
1832,3600
1833,1834
1833,3118
1834,1839
1834,3706
1834,3705
1835,1837
1835,3707
1836,1838
1836,3708
1837,1839
1837,3603
1838,1839
1838,3121
1839,1844
1839,3708
1839,3707
1840,1842
1840,3709
1841,1843
1841,3710
1842,1844
1842,3606
1843,1844
1843,3124
1844,1845
1844,3710
1844,3709
1845,3694
1846,1851
1846,3711
1847,1849
1847,3712
1848,1850
1848,3713
1849,1851
1849,3585
1850,1851
1850,3128
1851,1856
1851,3713
1851,3712
1852,1854
1852,3714
1853,1855
1853,3715
1854,1856
1854,3588
1855,1856
1855,3131
1856,1861
1856,3715
1856,3714
1857,1859
1857,3716
1858,1860
1858,3717
1859,1861
1859,3591
1860,1861
1860,3134
1861,1866
1861,3717
1861,3716
1862,1864
1862,3718
1863,1865
1863,3719
1864,1866
1864,3594
1865,1866
1865,3137
1866,1871
1866,3719
1866,3718
1867,1869
1867,3720
1868,1870
1868,3721
1869,1871
1869,3597
1870,1871
1870,3140
1871,1876
1871,3721
1871,3720
1872,1874
1872,3722
1873,1875
1873,3723
1874,1876
1874,3600
1875,1876
1875,3143
1876,1881
1876,3723
1876,3722
1877,1879
1877,3724
1878,1880
1878,3725
1879,1881
1879,3603
1880,1881
1880,3146
1881,1886
1881,3725
1881,3724
1882,1884
1882,3726
1883,1885
1883,3727
1884,1886
1884,3606
1885,1886
1885,3149
1886,1887
1886,3727
1886,3726
1887,3711
1888,1895
1888,3728
1889,1890
1889,3729
1890,1893
1890,1949
1890,1991
1890,2033
1890,2075
1890,2117
1890,2159
1890,2201
1891,1893
1891,3730
1892,1894
1892,3731
1893,1895
1893,3729
1894,1895
1894,2946
1895,1902
1895,3731
1895,3730
1896,1897
1896,3732
1897,1900
1897,1954
1897,1996
1897,2038
1897,2080
1897,2122
1897,2164
1897,2206
1898,1900
1898,3733
1899,1901
1899,3734
1900,1902
1900,3732
1901,1902
1901,2950
1902,1909
1902,3734
1902,3733
1903,1904
1903,3735
1904,1907
1904,1959
1904,2001
1904,2043
1904,2085
1904,2127
1904,2169
1904,2211
1905,1907
1905,3736
1906,1908
1906,3737
1907,1909
1907,3735
1908,1909
1908,2954
1909,1916
1909,3737
1909,3736
1910,1911
1910,3738
1911,1914
1911,1964
1911,2006
1911,2048
1911,2090
1911,2132
1911,2174
1911,2216
1912,1914
1912,3739
1913,1915
1913,3740
1914,1916
1914,3738
1915,1916
1915,2958
1916,1923
1916,3740
1916,3739
1917,1918
1917,3741
1918,1921
1918,1969
1918,2011
1918,2053
1918,2095
1918,2137
1918,2179
1918,2221
1919,1921
1919,3742
1920,1922
1920,3743
1921,1923
1921,3741
1922,1923
1922,2962
1923,1930
1923,3743
1923,3742
1924,1925
1924,3744
1925,1928
1925,1974
1925,2016
1925,2058
1925,2100
1925,2142
1925,2184
1925,2226
1926,1928
1926,3745
1927,1929
1927,3746
1928,1930
1928,3744
1929,1930
1929,2966
1930,1937
1930,3746
1930,3745
1931,1932
1931,3747
1932,1935
1932,1979
1932,2021
1932,2063
1932,2105
1932,2147
1932,2189
1932,2231
1933,1935
1933,3748
1934,1936
1934,3749
1935,1937
1935,3747
1936,1937
1936,2970
1937,1944
1937,3749
1937,3748
1938,1939
1938,3750
1939,1942
1939,1984
1939,2026
1939,2068
1939,2110
1939,2152
1939,2194
1939,2236
1940,1942
1940,3751
1941,1943
1941,3752
1942,1944
1942,3750
1943,1944
1943,2974
1944,1945
1944,3752
1944,3751
1945,3728
1946,1951
1946,3753
1947,1949
1947,3754
1948,1950
1948,3755
1949,1951
1949,3729
1950,1951
1950,2978
1951,1956
1951,3755
1951,3754
1952,1954
1952,3756
1953,1955
1953,3757
1954,1956
1954,3732
1955,1956
1955,2981
1956,1961
1956,3757
1956,3756
1957,1959
1957,3758
1958,1960
1958,3759
1959,1961
1959,3735
1960,1961
1960,2984
1961,1966
1961,3759
1961,3758
1962,1964
1962,3760
1963,1965
1963,3761
1964,1966
1964,3738
1965,1966
1965,2987
1966,1971
1966,3761
1966,3760
1967,1969
1967,3762
1968,1970
1968,3763
1969,1971
1969,3741
1970,1971
1970,2990
1971,1976
1971,3763
1971,3762
1972,1974
1972,3764
1973,1975
1973,3765
1974,1976
1974,3744
1975,1976
1975,2993
1976,1981
1976,3765
1976,3764
1977,1979
1977,3766
1978,1980
1978,3767
1979,1981
1979,3747
1980,1981
1980,2996
1981,1986
1981,3767
1981,3766
1982,1984
1982,3768
1983,1985
1983,3769
1984,1986
1984,3750
1985,1986
1985,2999
1986,1987
1986,3769
1986,3768
1987,3753
1988,1993
1988,3770
1989,1991
1989,3771
1990,1992
1990,3772
1991,1993
1991,3729
1992,1993
1992,3003
1993,1998
1993,3772
1993,3771
1994,1996
1994,3773
1995,1997
1995,3774
1996,1998
1996,3732
1997,1998
1997,3006
1998,2003
1998,3774
1998,3773
1999,2001
1999,3775
2000,2002
2000,3776
2001,2003
2001,3735
2002,2003
2002,3009
2003,2008
2003,3776
2003,3775
2004,2006
2004,3777
2005,2007
2005,3778
2006,2008
2006,3738
2007,2008
2007,3012
2008,2013
2008,3778
2008,3777
2009,2011
2009,3779
2010,2012
2010,3780
2011,2013
2011,3741
2012,2013
2012,3015
2013,2018
2013,3780
2013,3779
2014,2016
2014,3781
2015,2017
2015,3782
2016,2018
2016,3744
2017,2018
2017,3018
2018,2023
2018,3782
2018,3781
2019,2021
2019,3783
2020,2022
2020,3784
2021,2023
2021,3747
2022,2023
2022,3021
2023,2028
2023,3784
2023,3783
2024,2026
2024,3785
2025,2027
2025,3786
2026,2028
2026,3750
2027,2028
2027,3024
2028,2029
2028,3786
2028,3785
2029,3770
2030,2035
2030,3787
2031,2033
2031,3788
2032,2034
2032,3789
2033,2035
2033,3729
2034,2035
2034,3028
2035,2040
2035,3789
2035,3788
2036,2038
2036,3790
2037,2039
2037,3791
2038,2040
2038,3732
2039,2040
2039,3031
2040,2045
2040,3791
2040,3790
2041,2043
2041,3792
2042,2044
2042,3793
2043,2045
2043,3735
2044,2045
2044,3034
2045,2050
2045,3793
2045,3792
2046,2048
2046,3794
2047,2049
2047,3795
2048,2050
2048,3738
2049,2050
2049,3037
2050,2055
2050,3795
2050,3794
2051,2053
2051,3796
2052,2054
2052,3797
2053,2055
2053,3741
2054,2055
2054,3040
2055,2060
2055,3797
2055,3796
2056,2058
2056,3798
2057,2059
2057,3799
2058,2060
2058,3744
2059,2060
2059,3043
2060,2065
2060,3799
2060,3798
2061,2063
2061,3800
2062,2064
2062,3801
2063,2065
2063,3747
2064,2065
2064,3046
2065,2070
2065,3801
2065,3800
2066,2068
2066,3802
2067,2069
2067,3803
2068,2070
2068,3750
2069,2070
2069,3049
2070,2071
2070,3803
2070,3802
2071,3787
2072,2077
2072,3804
2073,2075
2073,3805
2074,2076
2074,3806
2075,2077
2075,3729
2076,2077
2076,3053
2077,2082
2077,3806
2077,3805
2078,2080
2078,3807
2079,2081
2079,3808
2080,2082
2080,3732
2081,2082
2081,3056
2082,2087
2082,3808
2082,3807
2083,2085
2083,3809
2084,2086
2084,3810
2085,2087
2085,3735
2086,2087
2086,3059
2087,2092
2087,3810
2087,3809
2088,2090
2088,3811
2089,2091
2089,3812
2090,2092
2090,3738
2091,2092
2091,3062
2092,2097
2092,3812
2092,3811
2093,2095
2093,3813
2094,2096
2094,3814
2095,2097
2095,3741
2096,2097
2096,3065
2097,2102
2097,3814
2097,3813
2098,2100
2098,3815
2099,2101
2099,3816
2100,2102
2100,3744
2101,2102
2101,3068
2102,2107
2102,3816
2102,3815
2103,2105
2103,3817
2104,2106
2104,3818
2105,2107
2105,3747
2106,2107
2106,3071
2107,2112
2107,3818
2107,3817
2108,2110
2108,3819
2109,2111
2109,3820
2110,2112
2110,3750
2111,2112
2111,3074
2112,2113
2112,3820
2112,3819
2113,3804
2114,2119
2114,3821
2115,2117
2115,3822
2116,2118
2116,3823
2117,2119
2117,3729
2118,2119
2118,3078
2119,2124
2119,3823
2119,3822
2120,2122
2120,3824
2121,2123
2121,3825
2122,2124
2122,3732
2123,2124
2123,3081
2124,2129
2124,3825
2124,3824
2125,2127
2125,3826
2126,2128
2126,3827
2127,2129
2127,3735
2128,2129
2128,3084
2129,2134
2129,3827
2129,3826
2130,2132
2130,3828
2131,2133
2131,3829
2132,2134
2132,3738
2133,2134
2133,3087
2134,2139
2134,3829
2134,3828
2135,2137
2135,3830
2136,2138
2136,3831
2137,2139
2137,3741
2138,2139
2138,3090
2139,2144
2139,3831
2139,3830
2140,2142
2140,3832
2141,2143
2141,3833
2142,2144
2142,3744
2143,2144
2143,3093
2144,2149
2144,3833
2144,3832
2145,2147
2145,3834
2146,2148
2146,3835
2147,2149
2147,3747
2148,2149
2148,3096
2149,2154
2149,3835
2149,3834
2150,2152
2150,3836
2151,2153
2151,3837
2152,2154
2152,3750
2153,2154
2153,3099
2154,2155
2154,3837
2154,3836
2155,3821
2156,2161
2156,3838
2157,2159
2157,3839
2158,2160
2158,3840
2159,2161
2159,3729
2160,2161
2160,3103
2161,2166
2161,3840
2161,3839
2162,2164
2162,3841
2163,2165
2163,3842
2164,2166
2164,3732
2165,2166
2165,3106
2166,2171
2166,3842
2166,3841
2167,2169
2167,3843
2168,2170
2168,3844
2169,2171
2169,3735
2170,2171
2170,3109
2171,2176
2171,3844
2171,3843
2172,2174
2172,3845
2173,2175
2173,3846
2174,2176
2174,3738
2175,2176
2175,3112
2176,2181
2176,3846
2176,3845
2177,2179
2177,3847
2178,2180
2178,3848
2179,2181
2179,3741
2180,2181
2180,3115
2181,2186
2181,3848
2181,3847
2182,2184
2182,3849
2183,2185
2183,3850
2184,2186
2184,3744
2185,2186
2185,3118
2186,2191
2186,3850
2186,3849
2187,2189
2187,3851
2188,2190
2188,3852
2189,2191
2189,3747
2190,2191
2190,3121
2191,2196
2191,3852
2191,3851
2192,2194
2192,3853
2193,2195
2193,3854
2194,2196
2194,3750
2195,2196
2195,3124
2196,2197
2196,3854
2196,3853
2197,3838
2198,2203
2198,3855
2199,2201
2199,3856
2200,2202
2200,3857
2201,2203
2201,3729
2202,2203
2202,3128
2203,2208
2203,3857
2203,3856
2204,2206
2204,3858
2205,2207
2205,3859
2206,2208
2206,3732
2207,2208
2207,3131
2208,2213
2208,3859
2208,3858
2209,2211
2209,3860
2210,2212
2210,3861
2211,2213
2211,3735
2212,2213
2212,3134
2213,2218
2213,3861
2213,3860
2214,2216
2214,3862
2215,2217
2215,3863
2216,2218
2216,3738
2217,2218
2217,3137
2218,2223
2218,3863
2218,3862
2219,2221
2219,3864
2220,2222
2220,3865
2221,2223
2221,3741
2222,2223
2222,3140
2223,2228
2223,3865
2223,3864
2224,2226
2224,3866
2225,2227
2225,3867
2226,2228
2226,3744
2227,2228
2227,3143
2228,2233
2228,3867
2228,3866
2229,2231
2229,3868
2230,2232
2230,3869
2231,2233
2231,3747
2232,2233
2232,3146
2233,2238
2233,3869
2233,3868
2234,2236
2234,3870
2235,2237
2235,3871
2236,2238
2236,3750
2237,2238
2237,3149
2238,2239
2238,3871
2238,3870
2239,3855
2240,2247
2240,3872
2241,2242
2241,3873
2242,2245
2242,2301
2242,2343
2242,2385
2242,2427
2242,2469
2242,2511
2242,2553
2243,2245
2243,3874
2244,2246
2244,3875
2245,2247
2245,3873
2246,2247
2246,2946
2247,2254
2247,3875
2247,3874
2248,2249
2248,3876
2249,2252
2249,2306
2249,2348
2249,2390
2249,2432
2249,2474
2249,2516
2249,2558
2250,2252
2250,3877
2251,2253
2251,3878
2252,2254
2252,3876
2253,2254
2253,2950
2254,2261
2254,3878
2254,3877
2255,2256
2255,3879
2256,2259
2256,2311
2256,2353
2256,2395
2256,2437
2256,2479
2256,2521
2256,2563
2257,2259
2257,3880
2258,2260
2258,3881
2259,2261
2259,3879
2260,2261
2260,2954
2261,2268
2261,3881
2261,3880
2262,2263
2262,3882
2263,2266
2263,2316
2263,2358
2263,2400
2263,2442
2263,2484
2263,2526
2263,2568
2264,2266
2264,3883
2265,2267
2265,3884
2266,2268
2266,3882
2267,2268
2267,2958
2268,2275
2268,3884
2268,3883
2269,2270
2269,3885
2270,2273
2270,2321
2270,2363
2270,2405
2270,2447
2270,2489
2270,2531
2270,2573
2271,2273
2271,3886
2272,2274
2272,3887
2273,2275
2273,3885
2274,2275
2274,2962
2275,2282
2275,3887
2275,3886
2276,2277
2276,3888
2277,2280
2277,2326
2277,2368
2277,2410
2277,2452
2277,2494
2277,2536
2277,2578
2278,2280
2278,3889
2279,2281
2279,3890
2280,2282
2280,3888
2281,2282
2281,2966
2282,2289
2282,3890
2282,3889
2283,2284
2283,3891
2284,2287
2284,2331
2284,2373
2284,2415
2284,2457
2284,2499
2284,2541
2284,2583
2285,2287
2285,3892
2286,2288
2286,3893
2287,2289
2287,3891
2288,2289
2288,2970
2289,2296
2289,3893
2289,3892
2290,2291
2290,3894
2291,2294
2291,2336
2291,2378
2291,2420
2291,2462
2291,2504
2291,2546
2291,2588
2292,2294
2292,3895
2293,2295
2293,3896
2294,2296
2294,3894
2295,2296
2295,2974
2296,2297
2296,3896
2296,3895
2297,3872
2298,2303
2298,3897
2299,2301
2299,3898
2300,2302
2300,3899
2301,2303
2301,3873
2302,2303
2302,2978
2303,2308
2303,3899
2303,3898
2304,2306
2304,3900
2305,2307
2305,3901
2306,2308
2306,3876
2307,2308
2307,2981
2308,2313
2308,3901
2308,3900
2309,2311
2309,3902
2310,2312
2310,3903
2311,2313
2311,3879
2312,2313
2312,2984
2313,2318
2313,3903
2313,3902
2314,2316
2314,3904
2315,2317
2315,3905
2316,2318
2316,3882
2317,2318
2317,2987
2318,2323
2318,3905
2318,3904
2319,2321
2319,3906
2320,2322
2320,3907
2321,2323
2321,3885
2322,2323
2322,2990
2323,2328
2323,3907
2323,3906
2324,2326
2324,3908
2325,2327
2325,3909
2326,2328
2326,3888
2327,2328
2327,2993
2328,2333
2328,3909
2328,3908
2329,2331
2329,3910
2330,2332
2330,3911
2331,2333
2331,3891
2332,2333
2332,2996
2333,2338
2333,3911
2333,3910
2334,2336
2334,3912
2335,2337
2335,3913
2336,2338
2336,3894
2337,2338
2337,2999
2338,2339
2338,3913
2338,3912
2339,3897
2340,2345
2340,3914
2341,2343
2341,3915
2342,2344
2342,3916
2343,2345
2343,3873
2344,2345
2344,3003
2345,2350
2345,3916
2345,3915
2346,2348
2346,3917
2347,2349
2347,3918
2348,2350
2348,3876
2349,2350
2349,3006
2350,2355
2350,3918
2350,3917
2351,2353
2351,3919
2352,2354
2352,3920
2353,2355
2353,3879
2354,2355
2354,3009
2355,2360
2355,3920
2355,3919
2356,2358
2356,3921
2357,2359
2357,3922
2358,2360
2358,3882
2359,2360
2359,3012
2360,2365
2360,3922
2360,3921
2361,2363
2361,3923
2362,2364
2362,3924
2363,2365
2363,3885
2364,2365
2364,3015
2365,2370
2365,3924
2365,3923
2366,2368
2366,3925
2367,2369
2367,3926
2368,2370
2368,3888
2369,2370
2369,3018
2370,2375
2370,3926
2370,3925
2371,2373
2371,3927
2372,2374
2372,3928
2373,2375
2373,3891
2374,2375
2374,3021
2375,2380
2375,3928
2375,3927
2376,2378
2376,3929
2377,2379
2377,3930
2378,2380
2378,3894
2379,2380
2379,3024
2380,2381
2380,3930
2380,3929
2381,3914
2382,2387
2382,3931
2383,2385
2383,3932
2384,2386
2384,3933
2385,2387
2385,3873
2386,2387
2386,3028
2387,2392
2387,3933
2387,3932
2388,2390
2388,3934
2389,2391
2389,3935
2390,2392
2390,3876
2391,2392
2391,3031
2392,2397
2392,3935
2392,3934
2393,2395
2393,3936
2394,2396
2394,3937
2395,2397
2395,3879
2396,2397
2396,3034
2397,2402
2397,3937
2397,3936
2398,2400
2398,3938
2399,2401
2399,3939
2400,2402
2400,3882
2401,2402
2401,3037
2402,2407
2402,3939
2402,3938
2403,2405
2403,3940
2404,2406
2404,3941
2405,2407
2405,3885
2406,2407
2406,3040
2407,2412
2407,3941
2407,3940
2408,2410
2408,3942
2409,2411
2409,3943
2410,2412
2410,3888
2411,2412
2411,3043
2412,2417
2412,3943
2412,3942
2413,2415
2413,3944
2414,2416
2414,3945
2415,2417
2415,3891
2416,2417
2416,3046
2417,2422
2417,3945
2417,3944
2418,2420
2418,3946
2419,2421
2419,3947
2420,2422
2420,3894
2421,2422
2421,3049
2422,2423
2422,3947
2422,3946
2423,3931
2424,2429
2424,3948
2425,2427
2425,3949
2426,2428
2426,3950
2427,2429
2427,3873
2428,2429
2428,3053
2429,2434
2429,3950
2429,3949
2430,2432
2430,3951
2431,2433
2431,3952
2432,2434
2432,3876
2433,2434
2433,3056
2434,2439
2434,3952
2434,3951
2435,2437
2435,3953
2436,2438
2436,3954
2437,2439
2437,3879
2438,2439
2438,3059
2439,2444
2439,3954
2439,3953
2440,2442
2440,3955
2441,2443
2441,3956
2442,2444
2442,3882
2443,2444
2443,3062
2444,2449
2444,3956
2444,3955
2445,2447
2445,3957
2446,2448
2446,3958
2447,2449
2447,3885
2448,2449
2448,3065
2449,2454
2449,3958
2449,3957
2450,2452
2450,3959
2451,2453
2451,3960
2452,2454
2452,3888
2453,2454
2453,3068
2454,2459
2454,3960
2454,3959
2455,2457
2455,3961
2456,2458
2456,3962
2457,2459
2457,3891
2458,2459
2458,3071
2459,2464
2459,3962
2459,3961
2460,2462
2460,3963
2461,2463
2461,3964
2462,2464
2462,3894
2463,2464
2463,3074
2464,2465
2464,3964
2464,3963
2465,3948
2466,2471
2466,3965
2467,2469
2467,3966
2468,2470
2468,3967
2469,2471
2469,3873
2470,2471
2470,3078
2471,2476
2471,3967
2471,3966
2472,2474
2472,3968
2473,2475
2473,3969
2474,2476
2474,3876
2475,2476
2475,3081
2476,2481
2476,3969
2476,3968
2477,2479
2477,3970
2478,2480
2478,3971
2479,2481
2479,3879
2480,2481
2480,3084
2481,2486
2481,3971
2481,3970
2482,2484
2482,3972
2483,2485
2483,3973
2484,2486
2484,3882
2485,2486
2485,3087
2486,2491
2486,3973
2486,3972
2487,2489
2487,3974
2488,2490
2488,3975
2489,2491
2489,3885
2490,2491
2490,3090
2491,2496
2491,3975
2491,3974
2492,2494
2492,3976
2493,2495
2493,3977
2494,2496
2494,3888
2495,2496
2495,3093
2496,2501
2496,3977
2496,3976
2497,2499
2497,3978
2498,2500
2498,3979
2499,2501
2499,3891
2500,2501
2500,3096
2501,2506
2501,3979
2501,3978
2502,2504
2502,3980
2503,2505
2503,3981
2504,2506
2504,3894
2505,2506
2505,3099
2506,2507
2506,3981
2506,3980
2507,3965
2508,2513
2508,3982
2509,2511
2509,3983
2510,2512
2510,3984
2511,2513
2511,3873
2512,2513
2512,3103
2513,2518
2513,3984
2513,3983
2514,2516
2514,3985
2515,2517
2515,3986
2516,2518
2516,3876
2517,2518
2517,3106
2518,2523
2518,3986
2518,3985
2519,2521
2519,3987
2520,2522
2520,3988
2521,2523
2521,3879
2522,2523
2522,3109
2523,2528
2523,3988
2523,3987
2524,2526
2524,3989
2525,2527
2525,3990
2526,2528
2526,3882
2527,2528
2527,3112
2528,2533
2528,3990
2528,3989
2529,2531
2529,3991
2530,2532
2530,3992
2531,2533
2531,3885
2532,2533
2532,3115
2533,2538
2533,3992
2533,3991
2534,2536
2534,3993
2535,2537
2535,3994
2536,2538
2536,3888
2537,2538
2537,3118
2538,2543
2538,3994
2538,3993
2539,2541
2539,3995
2540,2542
2540,3996
2541,2543
2541,3891
2542,2543
2542,3121
2543,2548
2543,3996
2543,3995
2544,2546
2544,3997
2545,2547
2545,3998
2546,2548
2546,3894
2547,2548
2547,3124
2548,2549
2548,3998
2548,3997
2549,3982
2550,2555
2550,3999
2551,2553
2551,4000
2552,2554
2552,4001
2553,2555
2553,3873
2554,2555
2554,3128
2555,2560
2555,4001
2555,4000
2556,2558
2556,4002
2557,2559
2557,4003
2558,2560
2558,3876
2559,2560
2559,3131
2560,2565
2560,4003
2560,4002
2561,2563
2561,4004
2562,2564
2562,4005
2563,2565
2563,3879
2564,2565
2564,3134
2565,2570
2565,4005
2565,4004
2566,2568
2566,4006
2567,2569
2567,4007
2568,2570
2568,3882
2569,2570
2569,3137
2570,2575
2570,4007
2570,4006
2571,2573
2571,4008
2572,2574
2572,4009
2573,2575
2573,3885
2574,2575
2574,3140
2575,2580
2575,4009
2575,4008
2576,2578
2576,4010
2577,2579
2577,4011
2578,2580
2578,3888
2579,2580
2579,3143
2580,2585
2580,4011
2580,4010
2581,2583
2581,4012
2582,2584
2582,4013
2583,2585
2583,3891
2584,2585
2584,3146
2585,2590
2585,4013
2585,4012
2586,2588
2586,4014
2587,2589
2587,4015
2588,2590
2588,3894
2589,2590
2589,3149
2590,2591
2590,4015
2590,4014
2591,3999
2592,2599
2592,4016
2593,2594
2593,4017
2594,2597
2594,2653
2594,2695
2594,2737
2594,2779
2594,2821
2594,2863
2594,2905
2595,2597
2595,4018
2596,2598
2596,4019
2597,2599
2597,4017
2598,2599
2598,2946
2599,2606
2599,4019
2599,4018
2600,2601
2600,4020
2601,2604
2601,2658
2601,2700
2601,2742
2601,2784
2601,2826
2601,2868
2601,2910
2602,2604
2602,4021
2603,2605
2603,4022
2604,2606
2604,4020
2605,2606
2605,2950
2606,2613
2606,4022
2606,4021
2607,2608
2607,4023
2608,2611
2608,2663
2608,2705
2608,2747
2608,2789
2608,2831
2608,2873
2608,2915
2609,2611
2609,4024
2610,2612
2610,4025
2611,2613
2611,4023
2612,2613
2612,2954
2613,2620
2613,4025
2613,4024
2614,2615
2614,4026
2615,2618
2615,2668
2615,2710
2615,2752
2615,2794
2615,2836
2615,2878
2615,2920
2616,2618
2616,4027
2617,2619
2617,4028
2618,2620
2618,4026
2619,2620
2619,2958
2620,2627
2620,4028
2620,4027
2621,2622
2621,4029
2622,2625
2622,2673
2622,2715
2622,2757
2622,2799
2622,2841
2622,2883
2622,2925
2623,2625
2623,4030
2624,2626
2624,4031
2625,2627
2625,4029
2626,2627
2626,2962
2627,2634
2627,4031
2627,4030
2628,2629
2628,4032
2629,2632
2629,2678
2629,2720
2629,2762
2629,2804
2629,2846
2629,2888
2629,2930
2630,2632
2630,4033
2631,2633
2631,4034
2632,2634
2632,4032
2633,2634
2633,2966
2634,2641
2634,4034
2634,4033
2635,2636
2635,4035
2636,2639
2636,2683
2636,2725
2636,2767
2636,2809
2636,2851
2636,2893
2636,2935
2637,2639
2637,4036
2638,2640
2638,4037
2639,2641
2639,4035
2640,2641
2640,2970
2641,2648
2641,4037
2641,4036
2642,2643
2642,4038
2643,2646
2643,2688
2643,2730
2643,2772
2643,2814
2643,2856
2643,2898
2643,2940
2644,2646
2644,4039
2645,2647
2645,4040
2646,2648
2646,4038
2647,2648
2647,2974
2648,2649
2648,4040
2648,4039
2649,4016
2650,2655
2650,4041
2651,2653
2651,4042
2652,2654
2652,4043
2653,2655
2653,4017
2654,2655
2654,2978
2655,2660
2655,4043
2655,4042
2656,2658
2656,4044
2657,2659
2657,4045
2658,2660
2658,4020
2659,2660
2659,2981
2660,2665
2660,4045
2660,4044
2661,2663
2661,4046
2662,2664
2662,4047
2663,2665
2663,4023
2664,2665
2664,2984
2665,2670
2665,4047
2665,4046
2666,2668
2666,4048
2667,2669
2667,4049
2668,2670
2668,4026
2669,2670
2669,2987
2670,2675
2670,4049
2670,4048
2671,2673
2671,4050
2672,2674
2672,4051
2673,2675
2673,4029
2674,2675
2674,2990
2675,2680
2675,4051
2675,4050
2676,2678
2676,4052
2677,2679
2677,4053
2678,2680
2678,4032
2679,2680
2679,2993
2680,2685
2680,4053
2680,4052
2681,2683
2681,4054
2682,2684
2682,4055
2683,2685
2683,4035
2684,2685
2684,2996
2685,2690
2685,4055
2685,4054
2686,2688
2686,4056
2687,2689
2687,4057
2688,2690
2688,4038
2689,2690
2689,2999
2690,2691
2690,4057
2690,4056
2691,4041
2692,2697
2692,4058
2693,2695
2693,4059
2694,2696
2694,4060
2695,2697
2695,4017
2696,2697
2696,3003
2697,2702
2697,4060
2697,4059
2698,2700
2698,4061
2699,2701
2699,4062
2700,2702
2700,4020
2701,2702
2701,3006
2702,2707
2702,4062
2702,4061
2703,2705
2703,4063
2704,2706
2704,4064
2705,2707
2705,4023
2706,2707
2706,3009
2707,2712
2707,4064
2707,4063
2708,2710
2708,4065
2709,2711
2709,4066
2710,2712
2710,4026
2711,2712
2711,3012
2712,2717
2712,4066
2712,4065
2713,2715
2713,4067
2714,2716
2714,4068
2715,2717
2715,4029
2716,2717
2716,3015
2717,2722
2717,4068
2717,4067
2718,2720
2718,4069
2719,2721
2719,4070
2720,2722
2720,4032
2721,2722
2721,3018
2722,2727
2722,4070
2722,4069
2723,2725
2723,4071
2724,2726
2724,4072
2725,2727
2725,4035
2726,2727
2726,3021
2727,2732
2727,4072
2727,4071
2728,2730
2728,4073
2729,2731
2729,4074
2730,2732
2730,4038
2731,2732
2731,3024
2732,2733
2732,4074
2732,4073
2733,4058
2734,2739
2734,4075
2735,2737
2735,4076
2736,2738
2736,4077
2737,2739
2737,4017
2738,2739
2738,3028
2739,2744
2739,4077
2739,4076
2740,2742
2740,4078
2741,2743
2741,4079
2742,2744
2742,4020
2743,2744
2743,3031
2744,2749
2744,4079
2744,4078
2745,2747
2745,4080
2746,2748
2746,4081
2747,2749
2747,4023
2748,2749
2748,3034
2749,2754
2749,4081
2749,4080
2750,2752
2750,4082
2751,2753
2751,4083
2752,2754
2752,4026
2753,2754
2753,3037
2754,2759
2754,4083
2754,4082
2755,2757
2755,4084
2756,2758
2756,4085
2757,2759
2757,4029
2758,2759
2758,3040
2759,2764
2759,4085
2759,4084
2760,2762
2760,4086
2761,2763
2761,4087
2762,2764
2762,4032
2763,2764
2763,3043
2764,2769
2764,4087
2764,4086
2765,2767
2765,4088
2766,2768
2766,4089
2767,2769
2767,4035
2768,2769
2768,3046
2769,2774
2769,4089
2769,4088
2770,2772
2770,4090
2771,2773
2771,4091
2772,2774
2772,4038
2773,2774
2773,3049
2774,2775
2774,4091
2774,4090
2775,4075
2776,2781
2776,4092
2777,2779
2777,4093
2778,2780
2778,4094
2779,2781
2779,4017
2780,2781
2780,3053
2781,2786
2781,4094
2781,4093
2782,2784
2782,4095
2783,2785
2783,4096
2784,2786
2784,4020
2785,2786
2785,3056
2786,2791
2786,4096
2786,4095
2787,2789
2787,4097
2788,2790
2788,4098
2789,2791
2789,4023
2790,2791
2790,3059
2791,2796
2791,4098
2791,4097
2792,2794
2792,4099
2793,2795
2793,4100
2794,2796
2794,4026
2795,2796
2795,3062
2796,2801
2796,4100
2796,4099
2797,2799
2797,4101
2798,2800
2798,4102
2799,2801
2799,4029
2800,2801
2800,3065
2801,2806
2801,4102
2801,4101
2802,2804
2802,4103
2803,2805
2803,4104
2804,2806
2804,4032
2805,2806
2805,3068
2806,2811
2806,4104
2806,4103
2807,2809
2807,4105
2808,2810
2808,4106
2809,2811
2809,4035
2810,2811
2810,3071
2811,2816
2811,4106
2811,4105
2812,2814
2812,4107
2813,2815
2813,4108
2814,2816
2814,4038
2815,2816
2815,3074
2816,2817
2816,4108
2816,4107
2817,4092
2818,2823
2818,4109
2819,2821
2819,4110
2820,2822
2820,4111
2821,2823
2821,4017
2822,2823
2822,3078
2823,2828
2823,4111
2823,4110
2824,2826
2824,4112
2825,2827
2825,4113
2826,2828
2826,4020
2827,2828
2827,3081
2828,2833
2828,4113
2828,4112
2829,2831
2829,4114
2830,2832
2830,4115
2831,2833
2831,4023
2832,2833
2832,3084
2833,2838
2833,4115
2833,4114
2834,2836
2834,4116
2835,2837
2835,4117
2836,2838
2836,4026
2837,2838
2837,3087
2838,2843
2838,4117
2838,4116
2839,2841
2839,4118
2840,2842
2840,4119
2841,2843
2841,4029
2842,2843
2842,3090
2843,2848
2843,4119
2843,4118
2844,2846
2844,4120
2845,2847
2845,4121
2846,2848
2846,4032
2847,2848
2847,3093
2848,2853
2848,4121
2848,4120
2849,2851
2849,4122
2850,2852
2850,4123
2851,2853
2851,4035
2852,2853
2852,3096
2853,2858
2853,4123
2853,4122
2854,2856
2854,4124
2855,2857
2855,4125
2856,2858
2856,4038
2857,2858
2857,3099
2858,2859
2858,4125
2858,4124
2859,4109
2860,2865
2860,4126
2861,2863
2861,4127
2862,2864
2862,4128
2863,2865
2863,4017
2864,2865
2864,3103
2865,2870
2865,4128
2865,4127
2866,2868
2866,4129
2867,2869
2867,4130
2868,2870
2868,4020
2869,2870
2869,3106
2870,2875
2870,4130
2870,4129
2871,2873
2871,4131
2872,2874
2872,4132
2873,2875
2873,4023
2874,2875
2874,3109
2875,2880
2875,4132
2875,4131
2876,2878
2876,4133
2877,2879
2877,4134
2878,2880
2878,4026
2879,2880
2879,3112
2880,2885
2880,4134
2880,4133
2881,2883
2881,4135
2882,2884
2882,4136
2883,2885
2883,4029
2884,2885
2884,3115
2885,2890
2885,4136
2885,4135
2886,2888
2886,4137
2887,2889
2887,4138
2888,2890
2888,4032
2889,2890
2889,3118
2890,2895
2890,4138
2890,4137
2891,2893
2891,4139
2892,2894
2892,4140
2893,2895
2893,4035
2894,2895
2894,3121
2895,2900
2895,4140
2895,4139
2896,2898
2896,4141
2897,2899
2897,4142
2898,2900
2898,4038
2899,2900
2899,3124
2900,2901
2900,4142
2900,4141
2901,4126
2902,2907
2902,4143
2903,2905
2903,4144
2904,2906
2904,4145
2905,2907
2905,4017
2906,2907
2906,3128
2907,2912
2907,4145
2907,4144
2908,2910
2908,4146
2909,2911
2909,4147
2910,2912
2910,4020
2911,2912
2911,3131
2912,2917
2912,4147
2912,4146
2913,2915
2913,4148
2914,2916
2914,4149
2915,2917
2915,4023
2916,2917
2916,3134
2917,2922
2917,4149
2917,4148
2918,2920
2918,4150
2919,2921
2919,4151
2920,2922
2920,4026
2921,2922
2921,3137
2922,2927
2922,4151
2922,4150
2923,2925
2923,4152
2924,2926
2924,4153
2925,2927
2925,4029
2926,2927
2926,3140
2927,2932
2927,4153
2927,4152
2928,2930
2928,4154
2929,2931
2929,4155
2930,2932
2930,4032
2931,2932
2931,3143
2932,2937
2932,4155
2932,4154
2933,2935
2933,4156
2934,2936
2934,4157
2935,2937
2935,4035
2936,2937
2936,3146
2937,2942
2937,4157
2937,4156
2938,2940
2938,4158
2939,2941
2939,4159
2940,2942
2940,4038
2941,2942
2941,3149
2942,2943
2942,4159
2942,4158
2943,4143
